Sample_Num,PPG_Sensor1_Raw,PPG_Sensor2_Raw
0,16777641,3170893904
1,1677722026,1006633120
2,536871337,3137339514
3,2113929642,3170926651
4,503316906,3187671162
5,1275068841,3187671200
6,201327017,3137374336
7,4211081641,3204448506
8,1577058729,3170893946
9,2281701801,3170893924
10,3271557546,1006633120
11,2063597993,3137339392
12,2214592938,250
13,1124073897,1023443003
14,1962934697,3187671256
15,2684354987,3137380480
16,1275068842,3204448506
17,738197931,3170894074
18,1191182762,3170893940
19,1761608106,1006633112
20,3053453738,3137339514
21,184549802,3170893946
22,1325400490,1040187642
23,2969567658,3170894008
24,1862271402,3137370240
25,2449473962,3204448378
26,1124073897,3170894074
27,4026532266,3170893920
28,570425770,1006633088
29,973078953,3137339392
30,3506438569,250
31,4227858858,1023410298
32,1426063785,3170893992
33,3858760105,3137372288
34,3506438570,3204448256
35,2365587882,32827
36,2902458794,3187671132
37,1040187818,1006633104
38,973078953,3137339392
39,3321889194,122
40,100663722,3170926651
41,1879048618,3187708032
42,570425770,3204448378
43,1962934698,3170893946
44,3489661354,1023410236
45,285213098,1006633072
46,939524521,3137353856
47,4060086698,3204448506
48,2701132201,1023426716
49,436208043,3187671152
50,973078954,1006651520
51,3439329706,3204448506
52,570425770,3170934796
53,603980202,1056964708
54,1946157482,1006633104
55,2214592938,3137372288
56,2466251178,3204464796
57,788529578,1040187514
58,956301738,3187671116
59,503316905,1006665856
60,2852127146,3204448506
61,251658665,1040187514
62,3388998058,3170893888
63,1476395433,1006647424
64,3019899305,3204448506
65,2902458793,3170926779
66,2281701802,1040187496
67,2348810666,1006633184
68,1962934698,3137370240
69,1543504297,3204497626
70,2835349930,1040220347
71,1644167593,3187671120
72,3758096810,1006657664
73,2298479017,3204448378
74,3808428457,3170893946
75,2415919530,1040187496
76,1627390378,1006633040
77,1275068842,3137366144
78,1459618217,3204481083
79,3355443625,1040187514
80,3841982890,3170893968
81,1140851114,1006655616
82,2315256233,3204448378
83,3321889193,3170893824
84,922747305,76
85,2264924587,1006633024
86,150995369,3137368192
87,3774874025,3204448506
88,1711276457,1023410298
89,3170894249,3187671120
90,3103785385,1006633210
91,3657433513,3170894074
92,3925868970,1023410426
93,419430826,3170894024
94,3892314538,3137362048
95,2499805610,3204448506
96,1291846057,3170893952
97,3909091754,1006633008
98,1107296682,3137382528
99,2298479017,3204464796
100,553648553,1040203932
101,3439329706,3187671178
102,167772586,1006657664
103,1073742249,3204448378
104,3976200618,3170926651
105,285213097,1040187464
106,3472884137,1006633112
107,1040187818,3137382528
108,1392509353,3204448378
109,3254780329,1040220219
110,3623879081,3187671132
111,1140851113,1006633082
112,704643497,3187671290
113,1493172649,1023443003
114,2516582825,3187671208
115,3959423402,3137374336
116,1493172648,3204448506
117,3992977833,3170893924
118,2751463849,1006633128
119,2466251178,3137378432
120,754975145,3204448378
121,2650800553,3170926651
122,452985257,3187671156
123,3422552490,1006667904
124,3825205674,3204448506
125,3087008171,3170893824
126,704643499,124
127,2097152427,1006651520
128,2197815723,3204481083
129,771752362,3187671290
130,2466251178,1023410256
131,973078955,1006633176
132,16777643,3137357952
133,4143972778,3204448378
134,1040187818,1023443003
135,4060086699,3187671132
136,3607101866,1006651520
137,2868904363,3204448378
138,2382365098,3170894074
139,3539993004,1023410272
140,620757418,1006633112
141,3456106923,3137362048
142,2298479019,3204448506
143,3204448683,1023443003
144,771752363,3187671170
145,1946157483,1006657664
146,1828716971,3204448378
147,1442841003,3170893824
148,922747307,128
149,2885681578,1006633096
150,1929380267,3137388672
151,2248147371,3204481083
152,1493172651,1040187476
153,50332075,1006633152
154,687866283,3137368192
155,3087008171,3204481083
156,2583691691,1040220347
157,654311851,3187671168
158,1375732139,1006665856
159,1694499243,3204448378
160,3087008171,3170926651
161,2231370154,1040187520
162,4009755051,1006633024
163,3774874026,3137376384
164,3170894251,3204448378
165,402653611,1023410426
166,637534635,3170893932
167,427,1006633082
168,1073742251,3187671162
169,671089067,1023410298
170,905970091,3170893992
171,1476395435,3137362048
172,1845494187,3204448378
173,83886507,3170894074
174,1358954923,3170893912
175,4261413291,1006633160
176,520094123,3137339642
177,738197931,1023410426
178,251658666,3170894016
179,3607101865,3137366144
180,2147484075,3204448378
181,167772586,3170910364
182,1342177706,3187671140
183,2046820777,1006633136
184,2684354985,3137339392
185,4211081641,32827
186,3707765162,1040187642
187,2315256233,3170893952
188,3305111978,3137357952
189,872415658,3204448378
190,2449473963,3170893936
191,1946157482,1006633104
192,2550137259,3137364096
193,520094123,3204448506
194,1325400491,1023410298
195,989856170,3187671124
196,2214592939,1006651520
197,3758096811,3204448506
198,1811939754,3170893946
199,2382365099,1023410272
200,234881450,1006633152
201,4060086699,3137382528
202,1862271402,3204481211
203,2516582826,1040203932
204,2516582826,3187671174
205,503316906,1006653568
206,872415659,3204448506
207,369099178,3170910364
208,2499805610,1040187504
209,3439329707,1006633112
210,1124073898,3137360000
211,2583691690,3204448506
212,1006633386,1023410298
213,3724542377,3187671144
214,3808428458,1006659712
215,1342177705,3204464796
216,1090519466,3187687452
217,1107296683,1056964728
218,1090519466,1006633152
219,2231370155,3137368192
220,33554858,3204448256
221,3137339819,32827
222,335544747,3187671136
223,1191182762,1006665856
224,4194304427,3204481083
225,687866283,3187671162
226,1728053675,1040187488
227,83886506,1006633160
228,1426063787,3137382528
229,570425770,3204481083
230,4278190506,3187703867
231,4110418347,3187671156
232,1778385323,1006653568
233,2248147371,3204497626
234,1744830891,3187671162
235,3053453739,3170893904
236,1912603051,1006633136
237,1459618220,3137390720
238,603980203,3204448378
239,3388998059,1040187642
240,2415919531,3170893924
241,2164261291,1006663808
242,3087008171,3204464796
243,3439329708,1040187514
244,1040187819,3170893944
245,1862271403,1006659712
246,2281701804,3204448378
247,2281701803,3170926651
248,134218156,1040187504
249,1778385323,1006633152
250,2046820779,3137370240
251,1459618220,3204481083
252,486539691,1040220219
253,3959423404,3187671144
254,352321964,1006661760
255,603980204,3204448378
256,3321889195,3170893946
257,3657433515,1023410272
258,1795162538,1006633168
259,2852127146,3137364096
260,2113929642,3204448378
261,2181038507,1040187514
262,67109291,3170893928
263,184549802,1006655616
264,2499805610,3204448506
265,3959423402,3170893946
266,3909091755,1040187526
267,2785018283,1006633088
268,603980203,3137372288
269,234881451,3204481211
270,335544746,1040187642
271,1694499242,3170893920
272,2717909418,1006674048
273,1191182762,3204448506
274,3640656299,3170926779
275,2717909418,1040187500
276,3741319594,1006633144
277,1308623275,3137382528
278,822084010,3204497626
279,3103785386,1040187642
280,939524522,3170893908
281,603980202,1006645376
282,2130706859,3204448256
283,425,250
284,2919236010,1023410292
285,1107296682,1006633136
286,536871338,3137380480
287,2986344874,3204448378
288,738197930,1023410176
289,486539690,72
290,2214592937,1006674048
291,3321889194,3204448378
292,3372220843,3170893946
293,654311850,1023410268
294,2449473963,1006633120
295,687866282,3137372288
296,4211081642,3204448506
297,2248147370,1023410298
298,1476395433,3187671170
299,3338666410,1006653568
300,1325400490,3204448506
301,3254780330,3170926651
302,671089066,1040187508
303,520094122,1006633160
304,1157628330,3137364096
305,2248147370,3204464796
306,83886507,1040220219
307,425,3187671132
308,2080375210,1006665856
309,3372220842,3204448378
310,3523215786,3170943194
311,889192873,1040187480
312,3422552489,1006633088
313,3120562601,3137362048
314,3690987946,3204448506
315,1073742250,1040187492
316,1207959977,1006633128
317,2952790442,3137378432
318,788529578,3204448506
319,1476395434,1023443003
320,2298479017,3187671164
321,3992977834,1006655616
322,503316906,3204448378
323,3137339819,3170894074
324,67109290,1023410336
325,285213097,3137372288
326,3858760107,3204448506
327,369099178,3170926651
328,3539993002,3187671140
329,3506438570,1006633128
330,3388998058,3137339642
331,1862271403,3170926779
332,1056965034,1040220219
333,3019899307,3187671216
334,905970091,3137339514
335,956301739,3187687580
336,2650800555,1040187642
337,2734686636,3170893960
338,2298479018,3137388672
339,3338666411,3204448378
340,3355443627,3170926651
341,2952790443,3187671116
342,1358954923,1006633208
343,3925868971,3137339514
344,4043309483,3187687580
345,436208042,1040187642
346,3942646187,3170894008
347,2348810668,3137368192
348,1224737196,3204481083
349,603980203,3187671162
350,16777643,3187671156
351,2634023339,1006633136
352,1677722027,3137339392
353,2063597995,16540
354,1392509355,1040187642
355,637534635,3170893976
356,16777643,3137374336
357,335544746,3204448378
358,2583691690,3170926651
359,2667577770,3187671176
360,2868904363,3137362048
361,2885681578,3204448506
362,4278190506,3170893946
363,1610613162,3170893948
364,4211081643,1006633152
365,1191182762,3137339514
366,2717909417,3170893946
367,4177527210,1040187514
368,3707765162,3170893904
369,1895825827,3137349760
370,3758096801,3204448256
371,1795162529,250
372,1577058716,3170893952
373,3422552477,1006633144
374,1778385309,3137339514
375,469762459,3187671040
376,3707765148,122
377,3992977819,3170894008
378,3254780315,3137376384
379,251658650,3204448256
380,3875537306,122
381,2550137240,3187671124
382,4261413273,1006633112
383,3892314521,3137372219
384,3070230937,3187687580
385,184549784,1040220219
386,3523215768,3187671200
387,4060086680,3137368192
388,1862271384,3204481083
389,318767511,3187703867
390,3321889174,3187671160
391,3305111959,1006633120
392,2466251159,3137339514
393,50332055,3170926651
394,536871319,1040187514
395,1627390358,3187671240
396,3892314519,3137378432
397,335544726,3204481083
398,3657433494,3187703867
399,1275068822,3187671140
400,3858760085,1006633112
401,3271557526,3137355932
402,1761608086,3187687580
403,3053453717,1040220219
404,3388998037,3187671224
405,3808428437,3137364096
406,3607101845,3204481083
407,1694499219,3187671162
408,1795162500,3170893960
409,939524483,1006632992
410,3640656268,3137339642
411,1426063765,3170893824
412,1493172649,122
413,3036676516,3187671184
414,2281701800,3137368192
415,3120562605,3204448506
416,3170894344,3170894074
417,3808428347,3170893952
418,2449474559,1006633176
419,4278190330,3137339642
420,452984852,3170943194
421,2281702113,1040220219
422,2466251144,3187671232
423,2214592789,3137376384
424,671088849,3204448256
425,1811939436,122
426,2919235662,3187671168
427,301989949,3137357952
428,486539297,3204481083
429,1157627928,3187671040
430,4160749586,120
431,570425358,1006633008
432,2080374797,3137339642
433,1811939340,3170893946
434,3221225484,1040187514
435,637534220,3187671184
436,1744830476,3137372288
437,889192459,3204448256
438,3506438155,250
439,3523215371,3170893936
440,2936012811,1006633112
441,2063597579,3137372219
442,2449473547,3187671290
443,2432696331,3170926651
444,3623878667,3187671200
445,2046820362,3137382528
446,2600468489,3204481083
447,855638025,3187687580
448,1291845641,3187671144
449,671088649,1006633152
450,1157627913,3137339514
451,1442840585,3170893946
452,2449473546,1040187514
453,335544330,3187671240
454,2902458379,3137368192
455,3590324238,3204481083
456,754974736,3187671162
457,2063597586,3187671156
458,3372220435,1006633168
459,1509949458,3137339514
460,2583691281,3170894074
461,3338666000,1023410298
462,2617245712,3187671216
463,1342177296,3137355904
464,268435473,3204464796
465,385875985,3187703867
466,1291845649,3187671156
467,2902458387,1006633024
468,822083603,3137339514
469,1560281107,3187671162
470,1560281106,1040220219
471,3053453330,3187671216
472,2801795090,3137374336
473,3841982484,3204448506
474,2231369750,3170910364
475,3288334362,3187671132
476,1476395036,1006633152
477,2332033051,3137339514
478,3238002714,3170894074
479,1795162132,1023443003
480,1023410193,3187671216
481,2264924174,3137382528
482,2835349520,3204481083
483,1409286161,3187703867
484,17,3187671128
485,2768240659,1006633120
486,3741319188,3137339642
487,2499805208,3170893946
488,218103843,1023410426
489,4110417962,3170894032
490,3103785007,3137343616
491,973078585,3204448378
492,3758096444,3170893946
493,1610612802,3187671168
494,1107296329,1006633144
495,2130706539,3137339642
496,2818572396,3170894074
497,83886181,3170893920
498,1090519162,1006633120
499,520093825,3137339642
500,1979711623,3170926651
501,436207777,1040187392
502,3388997809,176
503,2315256020,3137372288
504,452985263,3204448506
505,251658906,3170893946
506,2550137618,3170893936
507,2583691866,1006633184
508,587203200,3137339642
509,117441206,3170894074
510,2466251448,1023410298
511,2936013542,3187671200
512,2046821087,3137355904
513,2197816035,3204481083
514,3489661675,3187687580
515,1778385655,3187671168
516,4160750379,1006633144
517,1795162890,3137339392
518,117441281,250
519,2348811027,3170893944
520,1056965383,1006633136
521,1073742603,3137339514
522,1694499603,3170894074
523,1795162893,1023410298
524,654312206,3187671232
525,1073742614,3137368192
526,2399142675,3204481083
527,2449474319,3187703867
528,654312189,3187671164
529,2348810997,1006633072
530,3187671794,3137339392
531,1577059046,122
532,1426064090,3170894074
533,2650800863,3170894016
534,2550137668,3137366144
535,1560282060,3204448256
536,1862270999,16540
537,2684354815,3187671156
538,2264924425,1006633152
539,872415521,3137339392
540,3187671315,32827
541,3238002967,1040187514
542,2298478876,3170893960
543,16777521,3137372288
544,2013266242,3204481083
545,3976200526,3187703867
546,1627390273,3187671120
547,2080375095,1006633184
548,369099057,3137339642
549,1291845927,3170893946
550,2801795362,1023410426
551,2600468780,3170893856
552,1778385208,3137374336
553,905969975,3204448378
554,2717909299,3170893936
555,2483028277,1006633056
556,1761607998,3137339642
557,4194304325,1023443003
558,1409286452,3187671144
559,3892314414,1006645376
560,1811939642,3204448506
561,3036676421,3170926651
562,3590324548,1040187464
563,1912602950,1006633096
564,3556770126,3137368192
565,838861135,3204481083
566,704643412,1040220219
567,771752289,3187671160
568,503316827,1006633082
569,4227858781,1023410298
570,167772509,3170893940
571,3338666332,1006669952
572,3774873947,3204481083
573,4093641054,3187671290
574,4060086625,1023410260
575,2936013170,1006633112
576,2768241021,3137378432
577,1644167547,3204448506
578,1426063744,1023410298
579,3003122049,3187671140
580,822083975,1006633210
581,520094090,3170926651
582,2499805575,1040187642
583,822083980,3170893960
584,2818572682,3137372219
585,3355443605,3187703867
586,33554848,1040187642
587,2332033447,3170894000
588,3422552496,3137357952
589,973078964,3204448378
590,2818572724,3170893968
591,2046820789,3137357952
592,1509949877,3204448378
593,1711276474,3187687580
594,2315256246,3187671140
595,3875537336,1006633152
596,2348810683,3137339642
597,3355443641,3170894074
598,2516582844,1040187642
599,117440955,3170894032
600,2516582842,3137372288
601,3489661370,3204448506
602,4211081659,3170926651
603,2516582845,3187671120
604,3959423421,1006633152
605,1325400508,3137372219
606,2852127167,1040187514
607,1493172668,3187671156
608,1023410620,1006657664
609,687866300,3204448378
610,385876412,1040220219
611,3992977848,3187671144
612,201327033,1006682240
613,318767543,3204448378
614,3640656309,3170893946
615,4194304438,1040187504
616,889192887,1006633152
617,3422552503,3137370240
618,3573547448,3204464796
619,2097152441,1040220219
620,1811939767,3187671124
621,3607101882,1006657664
622,2785018297,3204448256
623,3036676534,32827
624,4261413303,1040187464
625,1090519482,1006633184
626,771752378,3137366144
627,1073742264,3204481083
628,3019899322,1040187642
629,2248147385,3170893920
630,2868904377,1006633210
631,905970103,1023410298
632,3657433527,3187671116
633,1107296693,1006659712
634,1577058741,3204448378
635,2214592947,3170893946
636,671089077,1023410304
637,3724542387,1006633120
638,1627390387,3137382528
639,33554866,3204448506
640,50332083,1023443003
641,385876401,3187671148
642,3523215794,1006682330
643,436208053,1040220219
644,1191182768,3187671132
645,67109300,1006669952
646,671089074,3204464796
647,1073742258,1040220219
648,335544754,3187671148
649,117440947,1006661760
650,1442841010,3204481083
651,1308623279,3187671290
652,2986344883,1023410272
653,3875537329,1006633184
654,2667577779,3137376384
655,637534644,3204481083
656,1325400498,1040187500
657,1358954933,1006633008
658,3539993011,3137370240
659,2332033457,3204448372
660,3120562611,1006633136
661,855638448,3137368192
662,335544752,3204497626
663,2801795508,1040187642
664,637534643,3170893928
665,3774874033,1006655616
666,2298479024,3204448506
667,1174405555,3170926779
668,788529588,1040212096
669,3170894258,3204481083
670,1795162547,3187720410
671,587202996,1040187568
672,1224737203,1006632996
673,3472884148,3154133120
674,452985266,3204448378
675,4110418354,3170935989
676,1459618227,1073741952
677,1459618227,973095040
678,2768241075,3204448378
679,2181038513,3170914499
680,2952790449,1073741958
681,520094130,1006633144
682,2516582835,3137382528
683,1526727089,3204472938
684,2181038513,3204448378
685,2835349938,3187671182
686,788529586,1006661760
687,434,3204448378
688,3992977841,3170926779
689,2868904368,1056993408
690,3707765168,3204448378
691,2969567667,3170910364
692,2483028402,3187671184
693,3657433522,1006633152
694,2382365105,3137400960
695,2835349936,3204448292
696,3019899312,1006633120
697,3388998068,3120603263
698,1241514418,3204464796
699,1275068852,1056964626
700,1241514418,1023410312
701,3388998066,3154178173
702,1275068853,3204464668
703,1325400502,3204448378
704,4143972791,3170893916
705,1694499260,1006672000
706,2634023355,3204448378
707,2969567676,3187712012
708,2936013247,1056964766
709,3204448703,1006633064
710,2986344896,3154159744
711,448,3204489356
712,3003122113,1056964730
713,218104257,1023410324
714,822084030,1006665856
715,2046820797,3204448378
716,4261413311,3170894074
717,1610613182,1023410350
718,1543504318,1006633128
719,822084030,3137372288
720,3456106942,3204448376
721,251658684,1006633024
722,3657433532,3137370240
723,1006633405,3204497626
724,2030043580,1040187514
725,889192890,3170893952
726,1728053688,1006672000
727,3892314555,3204481083
728,1929380281,3187687580
729,2281701819,1040187562
730,788529593,1006633136
731,201327033,3137394816
732,3976200634,3204448410
733,2868904377,1006633184
734,1107296698,3137370240
735,2449473977,3204497498
736,2298479033,1056964858
737,3707765178,3170893992
738,1795162554,1006674048
739,1023410619,3204448378
740,2952790459,3170926651
741,268435897,1040187556
742,687866298,1006633096
743,2885681596,3137364096
744,3623879102,3204489228
745,2281701822,1056997435
746,738197947,3187671212
747,3573547453,1006667904
748,1056965054,3204481211
749,3791651263,3187671040
750,1073742271,152
751,33554879,1006633152
752,33554879,3137378432
753,771752382,3204481211
754,2046820797,1040187514
755,2046820798,3187671200
756,134218172,1006661760
757,4127195581,3204448378
758,905970108,3170893946
759,1107296701,1023410350
760,4177527230,1006633024
761,1610613181,3137374336
762,1627390397,3204448506
763,2147484091,1040220219
764,1694499261,3187671196
765,218104249,1006657664
766,369099195,3204448378
767,3439329724,3170910364
768,2164261309,1040187548
769,805306811,1006633096
770,67109308,3137362048
771,2449473979,3204448378
772,3523215806,1040187642
773,4211081662,3170893954
774,1409286589,1006649472
775,4194304444,3204448256
776,2818572733,32955
777,3523215803,1040212096
778,4026532286,3204448256
779,4060086717,32955
780,671089084,1040187536
781,1140851133,1006633096
782,2734686654,3137366144
783,2852127166,3204448378
784,2768241087,1040187642
785,150995388,3170893984
786,2080375229,1006651520
787,3053453757,3204448506
788,3405775294,3170893946
789,4211081661,1040187540
790,1627390397,1006633136
791,1409286590,3137374336
792,3036676542,3204481211
793,3758096828,1040187556
794,1023410624,1006633144
795,50332092,3137374336
796,1644167615,3204448378
797,654311870,1040220219
798,2583691708,3187671194
799,872415677,1006657664
800,2315256254,3204448378
801,486539707,3170893946
802,1845494200,1040187551
803,3221225916,1023442977
804,503316923,3187693696
805,3506438590,3204481211
806,536871355,3204510141
807,3405775294,3238002692
808,872415675,1006661759
809,1728053692,3204505643
810,1526727099,1056997435
811,1342177722,1040187408
812,1476395452,3137339530
813,2751463867,1006639350
814,4060086715,1073768511
815,4244636090,3238002707
816,1509949880,1023434858
817,3003122104,1056998970
818,1895825848,3238033980
819,805306806,3254779986
820,1845494199,1023410305
821,2231370166,3204505643
822,1895825848,3221233739
823,3858760119,3204448262
824,3976200630,1023410416
825,520094136,3154172118
826,3875537334,3221242012
827,1879048631,1056964832
828,2113929655,989888640
829,1694499254,3204481083
830,352321974,3204486158
831,1895825846,3238002824
832,553648570,1006633044
833,1442841018,1006647424
834,1543504311,3204470808
835,939524536,3238061033
836,520094137,3238002722
837,3170894265,3170894779
838,3305111992,3238043553
839,4110418362,3238002928
840,905970104,989859983
841,2097152440,3212862538
842,4076863927,1107337951
843,2936013239,3238002942
844,3456106938,3154116858
845,1056965048,3170900101
846,335544760,3204453218
847,2231370170,3254835414
848,822084022,1073741999
849,3556770230,3170934902
850,3204448691,3204464326
851,184549813,1111518106
852,352321970,3254780087
853,3539993010,3170893855
854,1694499250,3187699848
855,1442841012,3212849321
856,318767536,3254804586
857,2130706866,3221258261
858,855638451,3187720350
859,2399142323,3204492191
860,3758096757,3238062205
861,654311797,3221225498
862,553648501,3187724431
863,520094069,3204468696
864,637534581,1090550225
865,1040187765,1090551808
866,1358954869,3187703909
867,1795162485,3187675265
868,1610613109,3204472001
869,2248147317,1073757424
870,1744830837,3221241906
871,2130706805,3187673219
872,2147484021,3217093366
873,2030043509,1107313263
874,2063597941,3238051903
875,2399142261,3187679369
876,2281701749,3187728503
877,2264924533,3204471873
878,2214592885,3238044853
879,2147484021,1073790986
880,2013266293,3187691625
881,1728053621,3212846358
882,2063597941,1124112909
883,2248147317,3238051897
884,1509949813,3187683436
885,1325400437,3208644606
886,2734686581,1107354836
887,2634023285,3221241856
888,2281701749,3187679461
889,2600468853,3187703874
890,2466251125,3204507541
891,2550137205,1090525430
892,1140851061,3221225497
893,1577058677,3187675205
894,1728053621,3204478971
895,1828716917,1107337356
896,1627390325,1056981019
897,2063597941,3187695660
898,1174405493,3204448306
899,2130706805,3204448273
900,1828716917,3187712030
901,1946157429,3204493414
902,1979711861,3204475901
903,2164261237,3238031380
904,2382365045,1073741829
905,2650800501,3187720407
906,2936013173,3187718045
907,2332033397,1115689753
908,2080375157,3254812717
909,2868904309,3187675212
910,3204448629,3204460599
911,2751463797,3204501636
912,2566914421,3254810726
913,2852127093,3221258309
914,1879048565,3187716127
915,2986344821,3217047298
916,2415919477,1132477244
917,2768241013,3254812709
918,2264924533,3187679282
919,1979711861,3204452352
920,1862271349,3204453923
921,1862271349,3254803414
922,1459618165,3238051928
923,1392509301,3196084852
924,637534581,3254786636
925,1560281461,3238035547
926,369099125,3187691553
927,1912602997,3204474006
928,989856117,1107349401
929,1879048565,3238051849
930,939524469,3187720249
931,1711276405,3204448455
932,1409286517,3187732562
933,1577058677,3238027370
934,603980149,1056981056
935,889192821,3196072212
936,889192821,3254790176
937,2013266293,1073791053
938,1728053621,3187695618
939,2197815669,3204494428
940,2013266293,1107303116
941,1560281461,3238043845
942,1476395381,3187677772
943,1610613109,1090534512
944,1526727029,3238002752
945,1828716917,3187679322
946,1577058677,3204481208
947,1040187765,3187730325
948,922747253,3238046260
949,1056964981,3238051931
950,1325400437,3187671051
951,1543504245,3212849193
952,553648501,3254840724
953,889192820,3238019154
954,4211081589,3187724391
955,100663669,3204481207
956,50332021,3187696790
957,419430772,3221249922
958,3724542325,3238002750
959,201326965,3187699746
960,134218100,3214939153
961,3992977781,3271620647
962,201326964,3221225508
963,4160749940,3187732550
964,4160749941,3204448270
965,201326965,3204506006
966,369099124,1090527777
967,3925868917,1090519141
968,301990260,3187683350
969,4227858804,3204492893
970,3221225844,3271580267
971,3472884084,1090551888
972,3808428404,3187716139
973,3456106868,3204476993
974,2952790389,3204488288
975,234881396,1090560012
976,3103785332,3221274707
977,3036676468,3187720261
978,3707765108,3204452388
979,3590324596,1073767574
980,3590324596,1090551868
981,3204448628,3187707952
982,3087008117,3217054033
983,1090519413,3271605425
984,2566914422,1090552039
985,520094070,3170926809
986,3841982838,3187695702
987,3976200566,3204509906
988,3690987894,3204493491
989,2113929590,1090519099
990,1979711862,3187703910
991,2046820726,3204461256
992,2466251126,1090523065
993,2684354934,3238035710
994,2986344822,3170930795
995,2902458742,3208679911
996,2650800502,3254817464
997,2835349878,1090551822
998,2868904310,3187712152
999,2499805558,3187687511
1000,2483028342,3204472938
1001,2533359990,3204500461
1002,2919235958,1090551883
1003,2650800502,3187691656
1004,2449473910,3204469166
1005,2466251126,1090581395
1006,2751463798,3238019096
1007,2264924534,3187679366
1008,2264924534,3187716161
1009,2315256182,3204485688
1010,2483028342,1090529675
1011,3019899254,3238019114
1012,2818572662,3187683445
1013,3103785334,3204485816
1014,2650800502,3238027138
1015,2835349878,1090552042
1016,2868904310,3170918548
1017,2785018230,3187732590
1018,2801795446,3204493256
1019,2650800502,1090544790
1020,1442840950,3221258397
1021,1627390326,3170943089
1022,2449473910,3204490891
1023,2785018230,3238003878
1024,1593835894,1090519118
1025,2113929590,3187732597
1026,2181038454,3204505173
1027,2264924534,3238002810
1028,2533359990,3170926759
1029,2617246070,3170926710
1030,2516582774,3187698792
1031,2617246070,3246416140
1032,2818572662,1107302518
1033,2298478966,1073774647
1034,2952790390,3187724412
1035,1442840950,3204468931
1036,2466251126,1090574422
1037,1509949814,1073741902
1038,419430773,3170910280
1039,3992977781,3196069377
1040,4076863861,1107330981
1041,2785018229,1090543615
1042,1979711861,1090535570
1043,2449473909,3187712105
1044,1593835893,3210758168
1045,2902458741,1132496134
1046,3053453685,1107296291
1047,3690987894,3170894052
1048,352321910,3175088151
1049,1375732086,1124109369
1050,1627390326,1090553530
1051,1962934646,1107316860
1052,2432696694,3208669401
1053,2432696694,1107327206
1054,2868904310,1090519124
1055,4194304374,3187712208
1056,2919235958,3187703897
1057,2852127094,3204500696
1058,1828716918,1098913132
1059,1023410550,1107312698
1060,234881398,3187679341
1061,553648501,3204472001
1062,4026532213,3238009078
1063,3825205621,1073774798
1064,3472884085,3170893828
1065,3909091702,3204472938
1066,184549750,3204503043
1067,67109237,1098923047
1068,3372220789,1107329028
1069,2986344821,3187695729
1070,3321889141,3204466798
1071,3238003061,1098934027
1072,2868904309,1107296261
1073,2667577717,3170902108
1074,3087008117,3217083796
1075,3707765109,1107350701
1076,3959423350,1090552061
1077,1207959926,3170894010
1078,1258291574,3187683409
1079,855638390,3204463728
1080,1291846006,1090528842
1081,1711276406,1090551971
1082,1627390326,3170918486
1083,1577058678,3204470808
1084,1325400438,3221280259
1085,1795162486,1090519267
1086,2080375158,3170918575
1087,2348810614,3187683444
1088,2164261238,3204501508
1089,2969567606,3221284287
1090,2667577718,1090552034
1091,2667577718,3170949251
1092,4110418294,3204464326
1093,4093641078,1090519162
1094,3942646134,1073774793
1095,4143972727,3170943213
1096,553648503,3187720293
1097,1140851063,3204468931
1098,771752311,1073789659
1099,385876343,1090519076
1100,939524471,3187723117
1101,1627390327,1107296506
1102,1929380215,1023429081
1103,2415919479,1090527485
1104,2533359991,3187691595
1105,2097152375,3204490763
1106,2097152375,1090551836
1107,1946157431,3187712009
1108,1526727031,3204452432
1109,1593835895,3204506113
1110,2298478967,3238059263
1111,2030043511,1090527366
1112,1325400439,3187687509
1113,2164261239,3217042821
1114,2516582775,1119914911
1115,1795162487,1107296338
1116,1224737142,3170918619
1117,3422552438,3187675221
1118,2768241014,3212901041
1119,1828716918,1107341363
1120,1660944758,3238002711
1121,503316854,3170922600
1122,989856118,3212871513
1123,1929380214,3254779952
1124,2566914422,1023434982
1125,3204448630,3187691619
1126,3087008118,3204454286
1127,1711276406,1107354241
1128,1728053622,3238035660
1129,234881398,1023469928
1130,838861173,3254788876
1131,4093641077,1124130517
1132,3758096758,3238002877
1133,838861174,3187695674
1134,1157628278,3210747786
1135,218104181,3271615700
1136,3472884085,1073799377
1137,3976200565,1040195756
1138,3925868917,3202392167
1139,3992977782,3279987222
1140,150995318,1132469804
1141,150995318,3254829110
1142,654311797,3187722383
1143,4127195510,3204499973
1144,402653557,3254835286
1145,3623879029,1073766564
1146,3825205621,1040220200
1147,3875537269,3187716147
1148,3992977782,3221258299
1149,335544694,1073758356
1150,402653558,1040240757
1151,637534582,3204492893
1152,637534582,3246394415
1153,503316854,3254780151
1154,788529526,3170920580
1155,402653557,3204496198
1156,4160749941,1107312796
1157,3925868918,1073750177
1158,100663669,1040203857
1159,3959423350,3196080717
1160,100663669,3254829039
1161,3808428405,1090568752
1162,3489661301,1090535519
1163,2986344821,3187732092
1164,3288334709,3238020870
1165,3523215733,1107349636
1166,3170894197,3204448261
1167,3053453685,3187728486
1168,2852127093,3204453923
1169,2919235957,3238023363
1170,2885681525,3221250227
1171,2466251125,1040187559
1172,2667577717,3170954409
1173,3372220789,1073799211
1174,3539992949,3238002938
1175,3439329653,1023422582
1176,3942646133,3204478141
1177,4211081589,1090542785
1178,4110418294,1073791112
1179,268435830,1040220334
1180,402653558,3170930793
1181,956301686,3204467268
1182,385876342,1090581755
1183,285213046,3221225668
1184,374,1040228464
1185,1258291574,3204507178
1186,1107296630,1090560140
1187,889192822,3204456612
1188,1409286518,1040236562
1189,1476395382,3187708012
1190,1879048566,3204501636
1191,1845494134,3221274714
1192,2315256182,3204448441
1193,2617246070,1040220219
1194,3338666358,1057028135
1195,4060086647,1073789064
1196,536871287,3221258241
1197,671089015,3187712113
1198,167772535,3204481083
1199,100663670,3204455586
1200,4194304374,3221282990
1201,4261413238,1040187605
1202,3841982838,3170893946
1203,3657433463,1073804539
1204,16777590,3221225662
1205,4160749942,1040187504
1206,3925868918,3204505771
1207,4194304374,1056991295
1208,3472884086,1073742048
1209,3607101814,3170910323
1210,3590324598,3204468931
1211,3070230902,3204508841
1212,3154116982,3221258421
1213,2986344822,1040187625
1214,2382365046,3170935989
1215,2701132150,1073782796
1216,2231370102,1073804539
1217,1711276406,3221258472
1218,1778385270,3170922601
1219,1795162486,3204509778
1220,1543504246,1073804539
1221,1392509302,3221225657
1222,1258291573,1040220338
1223,2550137205,3170897144
1224,956301681,3221287464
1225,1174405481,1090560012
1226,3741319528,3221229683
1227,4177527143,3204466798
1228,3489661287,3221274247
1229,2315256166,1090519235
1230,1694499174,1040220295
1231,1828716902,3170943086
1232,1342177636,3204477076
1233,2852127077,3204491358
1234,385876324,3221274657
1235,1677721955,1040240739
1236,2432696675,3204452153
1237,2466251107,3254780026
1238,1291845987,1073742051
1239,251658594,1040203795
1240,4060086626,3187720306
1241,3388997986,3204494556
1242,2432696674,3221255592
1243,218104162,1090568429
1244,738197857,1040188347
1245,3288334689,3238021358
1246,2466251105,3221259834
1247,1761608033,1090519044
1248,956301665,3187671139
1249,503316832,3204456651
1250,4278190432,3204505808
1251,2516582752,1040236556
1252,2516582752,3187695726
1253,1677721952,3204509906
1254,1006633312,1056976073
1255,654311776,3221250227
1256,67109215,1040187502
1257,3305111903,3204481083
1258,2835349855,3187703867
1259,2382365023,3187687619
1260,1358954847,1040234504
1261,1828716895,1073742074
1262,1409286457,3170893946
1263,3607101717,1056997522
1264,2818572563,3170898024
1265,4244635932,3204472938
1266,3439329579,1073774651
1267,704643431,1040203967
1268,3254780301,1040220388
1269,1761608087,3170934924
1270,1040187826,1057001698
1271,3825205729,3221270707
1272,3657433574,3221241972
1273,2533360091,3204460658
1274,603980478,1073750219
1275,452985637,1056981179
1276,1811940282,1040187497
1277,1778385144,3170898028
1278,3573547782,3204464796
1279,3674210805,3187703995
1280,3623878857,3187687601
1281,2415919226,1040207980
1282,352321619,3204448378
1283,1107296288,1056997435
1284,3590324244,3221258446
1285,3623878670,3170926702
1286,3338665991,3204493491
1287,2181038086,1073741946
1288,3003121669,1056964803
1289,2499805190,1040220366
1290,2785017863,3170936926
1291,50331655,1073791066
1292,721420294,3221227727
1293,3607101446,3221258406
1294,3456106502,3170955380
1295,2617245702,3204479078
1296,469762054,3221225594
1297,251658246,3221274805
1298,268435462,1040216177
1299,234881029,3204487223
1300,2113929221,1073766506
1301,1593835525,3204481172
1302,2080374789,3170893940
1303,3825205254,3204468931
1304,2197815303,3204493363
1305,2332033032,3221266606
1306,1509949449,1040220298
1307,3758096394,3170917569
1308,3405774859,1073758364
1309,2885681166,3204505643
1310,1342177296,3204448435
1311,1174405136,3170898032
1312,3657433104,3204466798
1313,1375731726,1073741946
1314,2449473549,3187695785
1315,1426063371,1040220344
1316,1241513993,3170951339
1317,3472883721,3221254292
1318,4227858442,1057011720
1319,4177526796,3221225610
1320,2264924172,3170938994
1321,1912602637,3204481211
1322,922746891,1040203956
1323,3288334347,1040220350
1324,184549386,3170893936
1325,4026531850,3204497626
1326,1744830476,3187671290
1327,3875536912,1056964787
1328,822083602,1040224482
1329,3489660957,3204464668
1330,369098783,3204481211
1331,469762080,1056964799
1332,1862271013,3170951278
1333,469762088,3204507648
1334,704643114,3221283009
1335,1040187444,1040220331
1336,452984886,3170947182
1337,3657433145,3204448506
1338,4143972415,3204497626
1339,3556769858,1040187574
1340,1627390026,1040232561
1341,1694498928,3204468931
1342,3456106646,1056964858
1343,16777412,3187671221
1344,385876267,1040187563
1345,973078949,3170902130
1346,1677722127,3204448506
1347,771752694,3187703995
1348,872415323,3204481204
1349,3858760506,1040216177
1350,2080375663,3204448506
1351,3556770656,3170910364
1352,2264925035,3204448435
1353,1191183244,1040240754
1354,754975686,3204509906
1355,452984834,3204505643
1356,1124073559,1056989361
1357,704643113,1040187559
1358,1358955499,3170938994
1359,3909092156,3204489228
1360,218104490,3204452516
1361,2868904616,1057013938
1362,1040188171,1040232557
1363,1593836357,3204487693
1364,3909092130,3238049928
1365,3204449022,3221266605
1366,704643831,1040220319
1367,3741319940,3170922612
1368,2902459166,3204448378
1369,553648958,3170894074
1370,570426151,1056964790
1371,2181038874,1040220347
1372,352322330,1057013978
1373,1946157851,3187687580
1374,1191183134,3187671208
1375,3741319956,3170918515
1376,3690988297,3204448378
1377,4227859207,1040220219
1378,1023410950,1040236746
1379,3925869312,1040220324
1380,2785018616,3170910364
1381,1174405865,1056997563
1382,2315256551,3187720362
1383,3053454051,1040187507
1384,4211081918,3204458528
1385,3321889450,1073799211
1386,1778385580,3204448424
1387,822084409,3170943086
1388,285213640,3204481083
1389,3674211310,1040220347
1390,3590324230,3187728563
1391,738197509,1040220333
1392,1006632964,3170943194
1393,1191182341,3187687580
1394,3909091332,3187703981
1395,3791650820,1040195697
1396,3791650824,3204448506
1397,1845493769,3187695850
1398,3405774862,1056964730
1399,2046820369,3204460661
1400,3271557140,3204501636
1401,150994962,3204486286
1402,3741319181,1073782966
1403,2248146953,1040220310
1404,2986344455,3170955379
1405,2667577357,3204448378
1406,671088651,1057022123
1407,1174405133,1056972986
1408,184549391,1040191601
1409,3825205269,3204489356
1410,4060086292,3204448378
1411,889192467,1056964781
1412,1526726672,1040220329
1413,3388997651,3170951280
1414,570425366,3204474943
1415,2030043155,3221254292
1416,1593835538,1056989354
1417,956301329,1040195696
1418,201326604,3204505643
1419,3858759694,3204464796
1420,2013265933,3187671194
1421,654311434,3170938993
1422,3204448265,3204505771
1423,2751463433,3204464796
1424,3875536907,3187695794
1425,822083596,1040187558
1426,436207628,3170943194
1427,1191182344,3187671162
1428,2701131783,1023451148
1429,3506438155,1056997537
1430,402653190,3170914417
1431,486539268,3204481083
1432,3909091332,3204497586
1433,67108871,1040187563
1434,2801795077,3170898034
1435,3841982469,3204464668
1436,2113929220,1056997435
1437,2583691268,3187703985
1438,687865859,1040220219
1439,1862270976,3204448378
1440,3892314116,1040220219
1441,4127195141,3187671198
1442,2919235585,3170906224
1443,922747901,3204448506
1444,4043310077,3187671040
1445,771752957,32934
1446,738198525,3170938993
1447,234882044,3204448378
1448,3942646780,3187712012
1449,3053454331,3204473012
1450,3724542971,1040187550
1451,1191183355,3170910236
1452,822084602,3204464668
1453,855639034,1056964730
1454,1442841594,3187671202
1455,1660945402,3170938994
1456,1811940346,3204456523
1457,318768122,3204448506
1458,1157628923,1023459506
1459,822084603,1040220317
1460,2902459387,3170910364
1461,1895826428,1056997435
1462,184550396,3187671162
1463,520094714,1040187570
1464,3892315132,3170930801
1465,2701132798,3204489228
1466,2583691265,3204481083
1467,2516582403,1040244920
1468,2046820356,1040220310
1469,3036676101,3170894074
1470,3674210309,1023410298
1471,3590324229,1056993428
1472,3103784964,3204481184
1473,3489660932,3170947184
1474,2717908996,3204448506
1475,1795162116,1040220219
1476,3472883716,3187687603
1477,3640655876,1040187548
1478,1493172228,3170943194
1479,1694498820,3187703867
1480,805306370,1056981148
1481,2600469500,3187671196
1482,553649148,3170918513
1483,1493173244,3204464796
1484,2046821371,1040187392
1485,4076864508,16561
1486,520094716,1040220328
1487,3070231550,3170934796
1488,2080375806,3204448378
1489,3456106496,1040187514
1490,973078529,1023443102
1491,184549377,3170914417
1492,1795162113,3204448378
1493,2885681155,3170893824
1494,1258291203,16562
1495,2248146947,1040187563
1496,4227858437,3170926779
1497,385875973,3187703867
1498,1593835525,3187671040
1499,2113929221,156
1500,3841982470,3170951281
1501,2264924166,3204448506
1502,2046820358,3187687603
1503,3355443207,1040220320
1504,704643079,3170898034
1505,1241513991,3204448378
1506,2868903943,1040220219
1507,1795162119,3187703987
1508,1073741831,1040220347
1509,1342177288,3187671162
1510,1493172232,3187671290
1511,2097152008,1040220326
1512,3506438153,3170922609
1513,3036676105,3204448506
1514,2717909001,3170918577
1515,1023410185,1040220322
1516,2080374793,3170943089
1517,2466250761,3204448378
1518,1761607689,3170893824
1519,2516582409,57519
1520,3657433099,1040207985
1521,536870923,3204464668
1522,2298478603,1056981148
1523,2684354571,3204481206
1524,1912602635,1040220317
1525,150994955,3170947185
1526,671088651,3204448378
1527,4278190092,3170894074
1528,1694498828,3187695793
1529,2315255821,1040240752
1530,1778384909,3204497626
1531,2902458381,3187703995
1532,3523215374,1040203953
1533,1409286158,1040220320
1534,3674210319,3170922609
1535,2399141904,3204448378
1536,4261412881,3187671040
1537,83886096,32947
1538,3976200208,1040220271
1539,4110417937,3204505643
1540,1912602641,3204448378
1541,2533359634,1040220337
1542,2013265938,1040232562
1543,1056964625,3204448506
1544,3254779921,3170910364
1545,2164260882,1040220334
1546,201326610,1040187569
1547,905969683,3170906227
1548,3388997653,3204489228
1549,1509949462,1057017988
1550,1895825430,3204489393
1551,3523215382,1040216175
1552,3909091350,3204448378
1553,3657433111,1056997563
1554,1962934295,1040228530
1555,2952790039,1040187550
1556,1409286165,3170910322
1557,1241514003,3204464796
1558,1644167186,3187695722
1559,469762062,3204489396
1560,11,1040195698
1561,1426063368,3204448506
1562,3187671046,1023467563
1563,1744830470,1056964785
1564,855638022,1040187551
1565,5,3170951280
1566,1426063365,3204481083
1567,587202564,1056964608
1568,2449473540,49329
1569,3539992581,1040244849
1570,134217733,3204456523
1571,3288334342,3204489228
1572,3053453319,1056997540
1573,2432696327,3170906225
1574,3271557127,3204481083
1575,3456106503,3187687580
1576,2868903942,1040203955
1577,3170893830,1040220326
1578,2214592518,3170918506
1579,3841982470,3204464796
1580,2080374789,1040187514
1581,4143972357,3187671203
1582,1191182340,3170914417
1583,4278190084,3204481211
1584,3808428036,1040220219
1585,2717908996,3187695793
1586,1207959556,1040187561
1587,1895825412,3170926651
1588,2566914052,1040187642
1589,3523215365,3170943154
1590,1191182341,1040236656
1591,1862270980,3204448378
1592,4177526789,3187703995
1593,788529157,1040228530
1594,1577058309,1040220320
1595,1073741829,3170918513
1596,520093700,3204448506
1597,486539267,3170893946
1598,704643074,3187671218
1599,838860802,1040191601
1600,1224736769,3204448378
1601,3942645762,3170926779
1602,83886081,1040228531
1603,3724541953,1040220322
1604,2801795072,3170902130
1605,2080375806,3204464796
1606,2801796094,1040187392
1607,2566915070,57522
1608,1644168191,1040212080
1609,2801795072,3204456523
1610,1476395008,3204448378
1611,4026531842,1040203953
1612,2080374787,1040220323
1613,721420291,3170914417
1614,973078531,3204481083
1615,3372220419,1040187514
1616,2315255811,1023467697
1617,2449473539,1040187642
1618,1627389955,3170910364
1619,1627389955,1040187514
1620,1778384899,3187703964
1621,83886082,3170951281
1622,3707764738,3204448256
1623,4076863491,16563
1624,218103811,1040187557
1625,1493172226,3170893946
1626,3305111554,1040187514
1627,2046820354,1023443003
1628,754974721,3187671200
1629,3137339393,3170918513
1630,805306368,3204481083
1631,4278190080,3187703986
1632,3422552065,1040244848
1633,956301312,3204448256
1634,3841982465,32827
1635,318767105,3187720370
1636,369098752,1040187554
1637,3556769792,3170910321
1638,3422552064,3204448506
1639,3724541953,1023426716
1640,16777216,3187712179
1641,3892315135,1040224369
1642,3103785983,3204489228
1643,1795163135,3204448378
1644,1073742847,1023434929
1645,2751464447,1040220318
1646,2701132799,3170902128
1647,3892314112,3204481211
1648,905969664,1040187642
1649,704643072,3187720370
1650,1509949440,1040187392
1651,1426063360,0
1652,2902458370,122
1653,1006632962,1023410340
1654,2701131779,3170914417
1655,201326595,3204448506
1656,486539266,3170893946
1657,4227858434,3170934963
1658,2013265922,1040220328
1659,2197815298,3170910364
1660,2936012802,3187671162
1661,2852126721,1040220347
1662,4177526785,3187671202
1663,2701131777,3170951280
1664,16777217,3204481083
1665,1644167169,3187687580
1666,3103784962,3187720369
1667,771751938,1040220318
1668,1879048194,3170926779
1669,1291845634,3187671162
1670,1509949442,1040236762
1671,2818572290,3187703966
1672,771751937,3170943089
1673,3657433089,3204448378
1674,1795162112,1023410426
1675,922747903,3170918578
1676,2264925183,1040220319
1677,2969567232,3170894074
1678,2013265920,1040220219
1679,3187671041,3187703985
1680,973078530,1040240753
1681,285212675,3204448506
1682,134217731,3187671162
1683,2181038083,1040220318
1684,3690987524,3170930801
1685,3674210308,3204481211
1686,3640655876,3187671162
1687,3506438148,3170926770
1688,4127195141,1040220323
1689,838860805,3170893946
1690,2650800134,3187671290
1691,6,1040220347
1692,2231369735,3187671199
1693,4076863496,3170922609
1694,2281701384,3204481211
1695,1342177287,3187712012
1696,1811939331,3204473009
1697,1862270979,1040220319
1698,251658243,3170934796
1699,905969667,3204481211
1700,771751939,1040187514
1701,805306370,3187703960
1702,3992977409,3170930801
1703,2785017857,3204448378
1704,452984832,3187671162
1705,3674211327,3170934963
1706,1929380859,1040220319
1707,1577059322,3170934796
1708,134218744,3204448506
1709,3271558133,1040187392
1710,3774874612,32928
1711,2197816308,3170918513
1712,2181039093,3204464668
1713,1191183345,3204489395
1714,2986345451,1040220317
1715,1207960556,3170910321
1716,771752942,3204464796
1717,1577058404,1040220219
1718,1006633144,3187687602
1719,3137368192,1040220347
1720,3204481083,3187671162
1721,1040187514,1040187548
1722,3170893932,3170947185
1723,1006665787,3204448378
1724,3187671290,3187703867
1725,1023443003,1040220321
1726,3187671184,3170914416
1727,3137382528,3204464668
1728,3204448378,3204448378
1729,3170926651,3187728563
1730,3187671124,1040187547
1731,1006633120,3170893946
1732,3137339642,1040220347
1733,3170926651,1040187642
1734,1040187514,3170906224
1735,3187671168,3204481083
1736,3137364096,3204489228
1737,3204448378,1057013938
1738,3170894074,1040220319
1739,3170893948,3170938993
1740,1006633128,3204489228
1741,3137372219,1057005580
1742,3187671290,3204505779
1743,1023410298,1040187514
1744,3187671200,1023410298
1745,3137378432,1040187642
1746,3204448506,3170893969
1747,3170893946,3170934897
1748,3187671116,3204497626
1749,1006633144,3187679410
1750,3137339642,1040187551
1751,3170926651,3170938992
1752,1040220219,3204448506
1753,3187671192,1023451148
1754,3137360000,1057022131
1755,3204448506,1040220272
1756,3170893824,3204497498
1757,96,3204448256
1758,1006633200,57524
1759,3137339642,1040220323
1760,3170893946,3170910322
1761,1040187642,3204481083
1762,3170894032,1040220339
1763,3137362048,1040187548
1764,3204481083,3170955377
1765,3187671162,3204464668
1766,3187671164,1056997435
1767,1006633120,3187712177
1768,3137339514,1040187514
1769,3170893946,3170926651
1770,1023410298,3187728427
1771,3187671192,1056997534
1772,3137362048,3170947185
1773,3204448506,3204448506
1774,3170893946,3187712183
1775,3170893960,1040220319
1776,3137380480,3170910322
1777,3204448506,3204464796
1778,3170926651,1040187392
1779,3187671148,49326
1780,1006633120,1040244779
1781,3137339642,3204448378
1782,3170926651,3187703867
1783,1040220219,1056997527
1784,3187671248,3170918513
1785,3137362048,3204489356
1786,3204448378,3204497585
1787,3170926651,1040220323
1788,3187671156,3170898034
1789,1006633128,3204481083
1790,3137339392,3204456523
1791,122,1056972980
1792,1040203932,1040240772
1793,3187671152,3204448506
1794,3137376384,3170926779
1795,3204448378,1040187546
1796,3170893932,3170926705
1797,1006633160,3204448256
1798,3137357952,32946
1799,3204481083,1040220312
1800,1040187514,3170926651
1801,3187671144,3187671162
1802,1006665787,3170910364
1803,3187687580,3187703960
1804,1040236762,3170914417
1805,3187671168,3204448378
1806,3137372288,3170934963
1807,3204481083,1040187546
1808,3187671162,3170902129
1809,3187671152,3204448506
1810,1006633168,3170910364
1811,3137372219,3187728562
1812,3187671290,1040224369
1813,1023443003,3204448256
1814,3187671208,122
1815,3137370240,3187695796
1816,3204448506,1040207985
1817,3170926651,3204448378
1818,3187671132,1023443003
1819,1006633160,1040203956
1820,3137339514,1040187542
1821,3170926651,3170902129
1822,1040187642,3204497626
1823,3170894032,1040220347
1824,3137372288,3187712177
1825,3204448256,1040187506
1826,32827,3204448378
1827,3187671170,3187712012
1828,1006633136,1057005745
1829,3137372219,1040187547
1830,3187671290,3170947185
1831,1023443003,3204448378
1832,3187689600,1040187514
1833,3204448506,3187720369
1834,3170893824,1040216177
1835,124,3204448506
1836,1006633136,1023418547
1837,3137360000,1040220314
1838,3204448506,3170943089
1839,1023443003,3204448506
1840,3187671132,1023443131
1841,1006674048,3187703987
1842,3204481083,1040220272
1843,3187671290,3204448506
1844,1023410236,1023443003
1845,1006633112,1040203955
1846,3137370240,1040187549
1847,3204464796,3170906225
1848,1040187514,3204481083
1849,3187671120,3187671162
1850,1006661760,3187728562
1851,3204448378,1040203932
1852,3170893824,1040187514
1853,100,1023467563
1854,1006633128,3204481177
1855,3137380480,3170918513
1856,3204481083,3204481211
1857,1040187514,1040220339
1858,3170893904,1040220311
1859,3137343616,3170934896
1860,3204448506,3204448506
1861,3170893924,3170926651
1862,1006633176,3187679411
1863,3137382528,1040187514
1864,3204448378,1023443003
1865,3170910364,1040220347
1866,3187671084,3187703959
1867,1006676096,3170918513
1868,3204456523,3204448256
1869,1056964730,57523
1870,3170893958,1040220309
1871,1006676096,3170926705
1872,3204464796,3204448378
1873,3187703867,1040187642
1874,1040187520,3187687602
1875,1006633120,1040199793
1876,3137380480,3204448506
1877,3204448378,1023410426
1878,3170926651,3170926770
1879,3187671120,1040187547
1880,1006657664,3170893938
1881,3204481211,3204448506
1882,1040220219,1040228364
1883,3187671178,3204481201
1884,1006659712,1040203804
1885,3204448378,1056964858
1886,3170926651,1023410298
1887,3187671200,3170893981
1888,3137366144,3170922609
1889,3204448506,3204481083
1890,3170926651,3187712178
1891,3187671164,1040187550
1892,1006633176,3170902129
1893,3137339642,3204481211
1894,1023443131,1040220347
1895,3187671136,3187671221
1896,1006661760,1040224368
1897,3204448506,3204448378
1898,3170934796,3170894074
1899,1056964760,1023459505
1900,3137384576,1040187549
1901,3204448256,3170922610
1902,122,3204481083
1903,3187671156,1040236762
1904,1006633128,3187728562
1905,3137339514,1040248944
1906,3170910364,3204481083
1907,1040220219,3187671290
1908,3187671072,1023410355
1909,3137382528,1040199793
1910,3204448506,3204448506
1911,3170893946,3170943194
1912,3170893924,1040244914
1913,1006633104,1040187551
1914,3137339514,3170906225
1915,1023410298,3204448506
1916,1056964730,3170893946
1917,3187671216,3170902194
1918,3137349760,1040199793
1919,3204464668,3204448506
1920,1056964730,1023410298
1921,3170893932,3170918578
1922,1006667904,1040187547
1923,3204448506,3170934896
1924,3170893946,3204448378
1925,1040187488,3170926651
1926,1006633136,3187712178
1927,3137368192,1040187514
1928,3204464796,3170893946
1929,1040187642,1023410298
1930,3170893948,3187671195
1931,1006633210,3170943089
1932,3170893946,3204448506
1933,3170893946,3170893946
1934,3187671088,3187728562
1935,3137376384,1040187544
1936,3204448506,3170893946
1937,3170893944,3187671290
1938,1006633096,1023459546
1939,3137372288,3187703965
1940,3204448506,3170934897
1941,1040187514,3204481083
1942,3170893928,3187671040
1943,1006633082,49329
1944,3170893946,1040220312
1945,1040187514,3170926779
1946,3187671088,3187671040
1947,3137374336,250
1948,3204481083,1023443099
1949,3187671162,3170926704
1950,3187671148,3204448256
1951,1006633136,250
1952,3137372219,3170918578
1953,3187703867,1040187553
1954,1040220219,3170894074
1955,3187671248,3170893946
1956,3137364096,3170910364
1957,3204448256,3187703958
1958,122,3170893937
1959,3187671192,3204448506
1960,3137376384,1023443124
1961,3204448506,1040220314
1962,3170893824,3170893937
1963,108,3204464796
1964,1006633096,1040220219
1965,3137339642,3187720369
1966,1023443003,1040236656
1967,3187671120,3204505643
1968,1006645376,3204464668
1969,3204481083,1056981170
1970,3187671162,1040220315
1971,1040187480,3170947185
1972,1006633168,3204448506
1973,3137376384,1040187514
1974,3204448506,3170934961
1975,1023443003,1040212081
1976,3187671124,3204464796
1977,1006633082,3187720410
1978,1023443003,1040220339
1979,1040220219,1040187539
1980,3187671168,3170938992
1981,3137372288,3204481083
1982,3204448506,1040187642
1983,3170926651,1023426739
1984,3187671128,1040220273
1985,1006633072,3204481211
1986,3137372219,3187728427
1987,3187703867,1056981170
1988,1040220219,1040220322
1989,3187671224,3170938993
1990,3137390720,3204464796
1991,3204448506,3187671162
1992,3170926651,3170926770
1993,3187671140,1040195697
1994,1006633136,3204448256
1995,3137339392,49370
1996,122,1040187571
1997,3170926651,1040187549
1998,3187718272,3170898033
1999,3204448506,3204448378
2000,3170893946,3170926651
2001,1023410268,3187703987
2002,1006633072,1040220274
2003,3137360000,3204448378
2004,3204448506,1023443003
2005,3170893912,3187703987
2006,1006633184,1040240753
2007,3137372347,3204464796
2008,1040203932,1040187642
2009,3187671152,1023443122
2010,1006667904,1040220319
2011,3204481083,3170898033
2012,3187671162,3204448378
2013,1040187520,3170893946
2014,1006633208,3170894003
2015,3137366144,1040220273
2016,3204481083,3204481211
2017,3187671152,3187703995
2018,1006672000,1040203954
2019,3204448506,1040187548
2020,3170926651,3170902129
2021,1040187496,3204448378
2022,1006633104,1023410426
2023,3137368192,1023451315
2024,3204448378,1040191601
2025,1040187642,3204448378
2026,3170893944,3170926651
2027,1006645376,1040228531
2028,3204448506,1040187547
2029,3170893824,3170918513
2030,96,3204448378
2031,1006633112,1023410426
2032,3137368192,1023451313
2033,3204481083,1040228465
2034,1040187514,3204481083
2035,3187671132,3187671162
2036,1006672000,1040212146
2037,3204448256,1040187546
2038,250,3170922609
2039,1023410376,3204448256
2040,3137388672,122
2041,3204448378,1023467697
2042,1023443003,1040224369
2043,3187671120,3204448506
2044,1006633112,1023443003
2045,3137388762,1040228531
2046,1040236762,1040187544
2047,3187671096,3170951280
2048,1006657664,3204448378
2049,3204448506,3170943194
2050,3170894074,3187695794
2051,3170893984,1040248944
2052,3137339514,3204448256
2053,3170894074,122
2054,3170893946,1040244914
2055,3187671224,1040220311
2056,3137364096,3170934897
2057,3204448256,3204448378
2058,122,1040220219
2059,3187671182,3187695794
2060,1006633184,1040195697
2061,3137355932,3204481083
2062,1040187514,3187671290
2063,3187671156,1023459506
2064,1006661760,1040220312
2065,3204448378,3170902129
2066,3170893946,3204448378
2067,1023410376,1023426716
2068,3137370240,3187679410
2069,3204448506,1040228465
2070,3170894074,3204448378
2071,3170893936,3187671162
2072,1006667904,1023426739
2073,3204448378,1040220315
2074,3170894074,3170930801
2075,3170893888,3204448378
2076,1006633056,1023410298
2077,3137368192,1040244913
2078,3204448506,1040199794
2079,3170893946,3204481083
2080,3187671164,3187671040
2081,1006649472,16562
2082,3204448506,1040220314
2083,3170926779,3170902129
2084,3187671124,3204448256
2085,1006633152,16540
2086,3137357952,3187695795
2087,3204497626,1040232561
2088,3187671128,3204481083
2089,1006633040,1040187514
2090,3137355932,1023443124
2091,1040187642,1040220313
2092,3170893916,3170902129
2093,1006667904,3204481211
2094,3204448506,1040187514
2095,3170893946,3187728561
2096,1040187544,1040195697
2097,3137357952,3204448378
2098,3204448506,1023410426
2099,3170926651,3170951345
2100,3187671136,1040191601
2101,1006633160,3204481083
2102,3137372219,3187671162
2103,3187671162,3170894002
2104,1023426716,1040220316
2105,3187671216,3170947185
2106,3137366144,3204448506
2107,3204448506,3187728562
2108,3170926651,1040220315
2109,3187671152,3170893824
2110,1006633144,250
2111,3137339642,1023410298
2112,3170926651,3187671195
2113,1040203932,3170934896
2114,3187671200,3204448506
2115,3137355904,3170926651
2116,3204448506,3187687602
2117,3170893928,1040187549
2118,1006633088,3170893946
2119,3137366144,1023426716
2120,3204448256,1040228364
2121,250,3204481180
2122,3170893920,3170955377
2123,1006633082,3204481083
2124,3170893946,3187720410
2125,1023443003,3187720368
2126,3187671176,1040220314
2127,3137376384,3170893946
2128,3204448506,3187703995
2129,3170893900,1040187514
2130,1006633072,3187703960
2131,3137372288,3170951280
2132,3204481083,3204448506
2133,1040187642,3170894074
2134,3170893916,3170934963
2135,1006633210,1040220310
2136,3170926651,3170926651
2137,1040203932,3187687580
2138,3187671192,1040187642
2139,3137364096,3170893981
2140,3204464796,3170947184
2141,1040220219,3204448506
2142,3187671164,1023410298
2143,1006651520,3187720368
2144,3204448378,1040187547
2145,1040187514,3170894074
2146,3187671116,3170943194
2147,1006657664,1040203932
2148,3204448378,3187703960
2149,3170926651,3170893937
2150,1040187496,3204448378
2151,1006633136,1023410298
2152,3137374336,3187687602
2153,3204448378,1040220311
2154,3187671136,3170926651
2155,1006633128,1040220219
2156,3137372219,1040187642
2157,3187671162,1023443099
2158,1023410426,3170951281
2159,3170894000,3204448378
2160,3137382528,1023426716
2161,3204448378,3187712178
2162,3170894074,1040220314
2163,3170893892,3170910364
2164,1006633136,3187687580
2165,3137339514,1040203932
2166,3170910364,3187671194
2167,1040187514,3170898033
2168,3170900096,3204448378
2169,3204448378,1023410426
2170,1023426716,3170910386
2171,1040187492,1040187546
2172,1006633128,3170894074
2173,3137380480,1023426716
2174,3204448378,1040187514
2175,1023426716,3187671190
2176,3187671128,3170918513
2177,1006661760,3204448506
2178,3204481083,3170926779
2179,3187671290,3187728561
2180,1023410392,1040220320
2181,3137362048,3170893946
2182,3204448256,3170893824
2183,32827,32827
2184,3187671088,3187671193
2185,1006633136,3170918513
2186,3137372219,3204448506
2187,3187703867,1023451148
2188,3187703867,3204456626
2189,3187671208,1040220314
2190,3137360000,3170893946
2191,3204448256,1023443131
2192,122,3187720370
2193,3187671184,1040187550
2194,1006665856,3170926651
2195,3204481083,1040228364
2196,3187671290,3204489394
2197,3170893876,1040228465
2198,1006633168,3204464796
2199,3137378432,1040220219
2200,3204448256,1040244913
2201,16540,1040220316
2202,3187671128,3170930801
2203,1006651520,3204505643
2204,3204448506,3204497586
2205,3170926779,1040187541
2206,1040187524,3170894074
2207,1006633096,3170926779
2208,3137374336,1040220347
2209,3204448378,3187671191
2210,1023443003,3170943089
2211,3187671152,3204481211
2212,1006665787,3187671162
2213,3187703867,3187679411
2214,1040187514,1040187547
2215,3187671176,3170926779
2216,3137370240,3187703995
2217,3204448378,1040187642
2218,3187671128,3170893979
2219,1006633136,3170906225
2220,3137376384,3204481211
2221,3204448506,3187687580
2222,1023443003,3187671219
2223,3187671128,1040187547
2224,1006632960,3170893824
2225,32827,32955
2226,1040187514,1040187514
2227,3187671224,3170893976
2228,3137362048,3170943089
2229,3204481083,3204481211
2230,1040187514,3187687603
2231,3170893920,1040220312
2232,1006696576,3170934897
2233,3204481083,3204448256
2234,3187671162,122
2235,1040187456,1023418547
2236,1006694527,1040224369
2237,3204448256,3204481211
2238,16540,3187703867
2239,1040187500,1040220337
2240,1006633144,1040187549
2241,3137345664,3170955376
2242,3204448378,3204448378
2243,1023410426,3187671040
2244,3170893904,179
2245,1006643328,1040187507
2246,3204448378,3204481083
2247,3187703867,1057005708
2248,1040187600,1056964760
2249,3137368192,3170898034
2250,3204448378,3204489356
2251,1023426716,3204464796
2252,3187671112,3187728561
2253,1006633120,1040187547
2254,3137339642,3170910364
2255,3170910364,1040187514
2256,1040220219,1040195763
2257,3187671224,1040236656
2258,3137366144,3204448378
2259,3204448378,3187671290
2260,3170893946,1023443100
2261,3170893936,3170918513
2262,1006633088,3204448378
2263,3137339642,3170893946
2264,3170893946,3187728561
2265,1040187514,1040220313
2266,3170893984,3170894074
2267,3137364096,1023410426
2268,3204448506,3187703867
2269,3170894074,1040187550
